Grade,Chapter Name,Concept Name,Concept Description,Concept Image,Source URL - Image,Credit - Image
10,,"undefined","undefined","undefined","undefined","undefined"
10,"Chapter 1","undefined","undefined","undefined","undefined","undefined"
10,"Chapter 1","undefined","undefined","undefined","undefined","undefined"
10,"Chapter 2","undefined","undefined","undefined","undefined","undefined"
10,"Chapter 2","undefined","undefined","undefined","undefined","undefined"
10,"Chapter 1","undefined","undefined","undefined","undefined","undefined"
10,"Chapter 1","undefined","undefined","undefined","undefined","undefined"
10,"Chapter 2","undefined","undefined","undefined","undefined","undefined"
10,"Chapter 1","undefined","undefined","undefined","undefined","undefined"
10,"Chapter 1","undefined","undefined","undefined","undefined","undefined"
10,"Chapter 2","undefined","undefined","undefined","undefined","undefined"
10,"Chapter 1","undefined","undefined","undefined","undefined","undefined"
10,"Chapter 1","undefined","undefined","undefined","undefined","undefined"
10,"Chapter 1","undefined","undefined","undefined","undefined","undefined"
10,"Chapter 3","undefined","undefined","undefined","undefined","undefined"
10,"Chapter 1","undefined","undefined","undefined","undefined","undefined"
10,"Chapter 4","undefined","undefined","undefined","undefined","undefined"
10,"Chapter 5","undefined","undefined","undefined","undefined","undefined"
